2020/1/27,2020/1/28,共564场（模拟）,3
2020/1/28,2020/1/29,共564场（模拟）,3
2020/1/28,2020/1/29,共564场（模拟）,4
2020/1/29,2020/1/30,共564场（模拟）,3
2020/1/30,2020/1/31,共564场（模拟）,3
2020/2/2,2020/2/3,共564场（模拟）,3
2020/2/7,2020/2/8,共564场（模拟）,3
2020/2/9,2020/2/10,共564场（模拟）,3
2020/2/9,2020/2/10,共564场（模拟）,4
2020/2/12,2020/2/13,共564场（模拟）,3
2020/2/13,2020/2/14,共564场（模拟）,3
2020/2/13,2020/2/14,共564场（模拟）,4
2020/2/13,2020/2/14,共564场（模拟）,5
2020/2/14,2020/2/15,共564场（模拟）,3
2020/2/14,2020/2/15,共564场（模拟）,4
2020/2/14,2020/2/15,共564场（模拟）,5
2020/2/15,2020/2/16,共564场（模拟）,3
2020/2/15,2020/2/16,共564场（模拟）,4
2020/2/16,2020/2/17,共564场（模拟）,3
2020/2/16,2020/2/17,共564场（模拟）,4
2020/2/17,2020/2/18,共564场（模拟）,3
2020/2/17,2020/2/18,共564场（模拟）,4
2020/2/17,2020/2/18,共564场（模拟）,5
2020/2/18,2020/2/19,共564场（模拟）,3
2020/2/18,2020/2/19,共564场（模拟）,4
2020/2/19,2020/2/20,共564场（模拟）,3
2020/2/20,2020/2/21,共564场（模拟）,3
2020/2/20,2020/2/21,共564场（模拟）,4
2020/2/21,2020/2/22,共564场（模拟）,3
2020/2/22,2020/2/23,共564场（模拟）,3
2020/2/24,2020/2/25,共564场（模拟）,3
2020/2/25,2020/2/26,共564场（模拟）,3
2020/2/26,2020/2/27,共564场（模拟）,3
2020/2/26,2020/2/27,共564场（模拟）,4
2020/2/26,2020/2/27,共564场（模拟）,5
2020/2/27,2020/2/28,共564场（模拟）,3
2020/2/27,2020/2/28,共564场（模拟）,4
2020/2/29,2020/3/1,共564场（模拟）,3
2020/3/1,2020/3/2,共564场（模拟）,3
2020/3/2,2020/3/3,共564场（模拟）,3
2020/3/2,2020/3/3,共564场（模拟）,4
2020/3/3,2020/3/4,共564场（模拟）,3
2020/3/4,2020/3/5,共564场（模拟）,3
2020/3/4,2020/3/5,共564场（模拟）,4
2020/3/8,2020/3/9,共564场（模拟）,3
2020/3/9,2020/3/10,共564场（模拟）,3
2020/3/10,2020/3/11,共564场（模拟）,3
2020/3/12,2020/3/13,共564场（模拟）,3
2020/3/13,2020/3/14,共564场（模拟）,3
2020/3/16,2020/3/17,共564场（模拟）,3
2020/3/18,2020/3/19,共564场（模拟）,3
2020/3/19,2020/3/20,共564场（模拟）,3
2020/3/19,2020/3/20,共564场（模拟）,4
2020/3/23,2020/3/24,共564场（模拟）,3
2020/3/23,2020/3/24,共564场（模拟）,4
2020/3/24,2020/3/25,共564场（模拟）,3
2020/3/25,2020/3/26,共564场（模拟）,3
2020/3/26,2020/3/27,共564场（模拟）,3
2020/3/27,2020/3/28,共564场（模拟）,3
2020/3/27,2020/3/28,共564场（模拟）,4
2020/3/28,2020/3/29,共564场（模拟）,3
2020/3/30,2020/3/31,共564场（模拟）,3
2020/3/30,2020/3/31,共564场（模拟）,4
2020/3/31,2020/4/1,共564场（模拟）,3
2020/3/31,2020/4/1,共564场（模拟）,4
2020/4/1,2020/4/2,共564场（模拟）,3
2020/4/3,2020/4/4,共564场（模拟）,3
2020/4/3,2020/4/4,共564场（模拟）,4
2020/4/3,2020/4/4,共564场（模拟）,5
2020/4/4,2020/4/5,共564场（模拟）,3
2020/4/5,2020/4/6,共564场（模拟）,3
2020/4/7,2020/4/8,共564场（模拟）,3
2020/4/9,2020/4/10,共564场（模拟）,3
2020/4/10,2020/4/11,共564场（模拟）,3
2020/4/10,2020/4/11,共564场（模拟）,4
2020/4/10,2020/4/11,共564场（模拟）,5
2020/4/10,2020/4/11,共564场（模拟）,6
2020/4/12,2020/4/13,共564场（模拟）,3
2020/4/12,2020/4/13,共564场（模拟）,4
2020/4/12,2020/4/13,共564场（模拟）,5
2020/4/13,2020/4/14,共564场（模拟）,3
2020/4/14,2020/4/15,共564场（模拟）,3
2020/4/15,2020/4/16,共564场（模拟）,3
2020/4/16,2020/4/17,共564场（模拟）,3
2020/4/17,2020/4/18,共564场（模拟）,3
2020/4/18,2020/4/19,共564场（模拟）,3
2020/4/20,2020/4/21,共564场（模拟）,3
2020/4/22,2020/4/23,共564场（模拟）,3
2020/4/22,2020/4/23,共564场（模拟）,4
2020/4/23,2020/4/24,共564场（模拟）,3
2020/4/24,2020/4/25,共564场（模拟）,3
2020/4/26,2020/4/27,共564场（模拟）,3
2020/4/28,2020/4/29,共564场（模拟）,3
2020/4/30,2020/5/1,共564场（模拟）,3
2020/5/1,2020/5/2,共564场（模拟）,3
2020/5/4,2020/5/5,共564场（模拟）,3
2020/5/4,2020/5/5,共564场（模拟）,4
2020/5/5,2020/5/6,共564场（模拟）,3
2020/5/8,2020/5/9,共564场（模拟）,3
2020/5/8,2020/5/9,共564场（模拟）,4
2020/5/9,2020/5/10,共564场（模拟）,3
2020/5/10,2020/5/11,共564场（模拟）,3
2020/5/11,2020/5/12,共564场（模拟）,3
2020/5/11,2020/5/12,共564场（模拟）,4
2020/5/12,2020/5/13,共564场（模拟）,3
2020/5/16,2020/5/17,共564场（模拟）,3
2020/5/16,2020/5/17,共564场（模拟）,4
2020/5/16,2020/5/17,共564场（模拟）,5
2020/5/20,2020/5/21,共564场（模拟）,3
2020/5/21,2020/5/22,共564场（模拟）,3
2020/5/22,2020/5/23,共564场（模拟）,3
2020/5/22,2020/5/23,共564场（模拟）,4
2020/5/23,2020/5/24,共564场（模拟）,3
2020/5/24,2020/5/25,共564场（模拟）,3
2020/5/25,2020/5/26,共564场（模拟）,3
2020/5/26,2020/5/27,共564场（模拟）,3
2020/5/27,2020/5/28,共564场（模拟）,3
2020/5/28,2020/5/29,共564场（模拟）,3
2020/5/29,2020/5/30,共564场（模拟）,3
2020/5/31,2020/6/1,共564场（模拟）,3
2020/6/2,2020/6/3,共564场（模拟）,3
2020/6/3,2020/6/4,共564场（模拟）,3
2020/6/6,2020/6/7,共564场（模拟）,3
2020/6/11,2020/6/12,共564场（模拟）,3
2020/6/12,2020/6/13,共564场（模拟）,3
2020/6/15,2020/6/16,共564场（模拟）,3
2020/6/16,2020/6/17,共564场（模拟）,3
2020/6/16,2020/6/17,共564场（模拟）,4
2020/6/17,2020/6/18,共564场（模拟）,3
2020/6/19,2020/6/20,共564场（模拟）,3
2020/6/23,2020/6/24,共564场（模拟）,3
2020/6/24,2020/6/25,共564场（模拟）,3
2020/6/25,2020/6/26,共564场（模拟）,3
2020/6/28,2020/6/29,共564场（模拟）,3
2020/6/28,2020/6/29,共564场（模拟）,4
2020/6/29,2020/6/30,共564场（模拟）,3
2020/7/7,2020/7/8,共564场（模拟）,3
2020/7/8,2020/7/9,共564场（模拟）,3
2020/7/8,2020/7/9,共564场（模拟）,4
2020/7/8,2020/7/9,共564场（模拟）,5
2020/7/9,2020/7/10,共564场（模拟）,3
2020/7/11,2020/7/12,共564场（模拟）,3
2020/7/12,2020/7/13,共564场（模拟）,3
2020/7/13,2020/7/14,共564场（模拟）,3
2020/7/14,2020/7/15,共564场（模拟）,3
2020/7/16,2020/7/17,共564场（模拟）,3
2020/7/19,2020/7/20,共564场（模拟）,3
2020/7/21,2020/7/22,共564场（模拟）,3
2020/7/23,2020/7/24,共564场（模拟）,3
2020/7/23,2020/7/24,共564场（模拟）,4
2020/7/24,2020/7/25,共564场（模拟）,3
2020/7/24,2020/7/25,共564场（模拟）,4
2020/7/25,2020/7/26,共564场（模拟）,3
2020/7/25,2020/7/26,共564场（模拟）,4
2020/7/27,2020/7/28,共564场（模拟）,3
2020/7/30,2020/7/31,共564场（模拟）,3
2020/7/31,2020/8/1,共564场（模拟）,3
2020/8/3,2020/8/4,共564场（模拟）,3
2020/8/4,2020/8/5,共564场（模拟）,3
2020/8/5,2020/8/6,共564场（模拟）,3
2020/8/7,2020/8/8,共564场（模拟）,3
2020/8/10,2020/8/11,共564场（模拟）,3
2020/8/10,2020/8/11,共564场（模拟）,4
2020/8/12,2020/8/13,共564场（模拟）,3
2020/8/12,2020/8/13,共564场（模拟）,4
2020/8/13,2020/8/14,共564场（模拟）,3
2020/8/13,2020/8/14,共564场（模拟）,4
2020/8/13,2020/8/14,共564场（模拟）,5
2020/8/14,2020/8/15,共564场（模拟）,3
2020/8/20,2020/8/21,共564场（模拟）,3
2020/8/20,2020/8/21,共564场（模拟）,4
2020/8/21,2020/8/22,共564场（模拟）,3
2020/8/24,2020/8/25,共564场（模拟）,3
2020/8/25,2020/8/26,共564场（模拟）,3
2020/9/1,2020/9/2,共564场（模拟）,3
2020/9/1,2020/9/2,共564场（模拟）,4
2020/9/2,2020/9/3,共564场（模拟）,3
2020/9/3,2020/9/4,共564场（模拟）,3
2020/9/9,2020/9/10,共564场（模拟）,3
2020/9/13,2020/9/14,共564场（模拟）,3
2020/9/15,2020/9/16,共564场（模拟）,3
2020/9/15,2020/9/16,共564场（模拟）,4
2020/9/21,2020/9/22,共564场（模拟）,3
2020/9/26,2020/9/27,共564场（模拟）,3
2020/9/26,2020/9/27,共564场（模拟）,4
2020/10/2,2020/10/3,共564场（模拟）,3
2020/10/2,2020/10/3,共564场（模拟）,4
2020/10/3,2020/10/4,共564场（模拟）,3
2020/10/3,2020/10/4,共564场（模拟）,4
2020/10/3,2020/10/4,共564场（模拟）,5
2020/10/4,2020/10/5,共564场（模拟）,3
2020/10/5,2020/10/6,共564场（模拟）,3
2020/10/13,2020/10/14,共564场（模拟）,3
2020/10/15,2020/10/16,共564场（模拟）,3
2020/10/20,2020/10/21,共564场（模拟）,3
2020/10/20,2020/10/21,共564场（模拟）,4
2020/10/22,2020/10/23,共564场（模拟）,3
2020/10/24,2020/10/25,共564场（模拟）,3
2020/10/29,2020/10/30,共564场（模拟）,3
2020/10/30,2020/10/31,共564场（模拟）,3
2020/11/4,2020/11/5,共564场（模拟）,3
2020/11/6,2020/11/7,共564场（模拟）,3
2020/11/10,2020/11/11,共564场（模拟）,3
2020/11/11,2020/11/12,共564场（模拟）,3
2020/11/11,2020/11/12,共564场（模拟）,4
2020/11/16,2020/11/17,共564场（模拟）,3
2020/11/17,2020/11/18,共564场（模拟）,3
2020/11/18,2020/11/19,共564场（模拟）,3
2020/11/18,2020/11/19,共564场（模拟）,4
2020/11/26,2020/11/27,共564场（模拟）,3
2020/11/28,2020/11/29,共564场（模拟）,3
2020/12/13,2020/12/14,共564场（模拟）,3
2020/12/24,2020/12/25,共564场（模拟）,3
2020/12/28,2020/12/29,共564场（模拟）,3
2020/12/29,2020/12/30,共564场（模拟）,3
2021/1/3,2021/1/4,共564场（模拟）,3
2021/1/4,2021/1/5,共564场（模拟）,3
2021/1/6,2021/1/7,共564场（模拟）,3
2021/1/8,2021/1/9,共564场（模拟）,3
2021/1/9,2021/1/10,共564场（模拟）,3
2021/1/10,2021/1/11,共564场（模拟）,3
2021/1/17,2021/1/18,共564场（模拟）,3
2021/1/18,2021/1/19,共564场（模拟）,3
2021/1/18,2021/1/19,共564场（模拟）,4
2021/1/20,2021/1/21,共564场（模拟）,3
2021/1/24,2021/1/25,共564场（模拟）,3
2021/2/1,2021/2/2,共564场（模拟）,3
2021/2/10,2021/2/11,共564场（模拟）,3
2021/2/14,2021/2/15,共564场（模拟）,3
2021/2/17,2021/2/18,共564场（模拟）,3
2021/2/18,2021/2/19,共564场（模拟）,3
2021/2/19,2021/2/20,共564场（模拟）,3
2021/2/19,2021/2/20,共564场（模拟）,4
2021/2/22,2021/2/23,共564场（模拟）,3
2021/2/28,2021/3/1,共564场（模拟）,3
2021/2/28,2021/3/1,共564场（模拟）,4
2021/3/1,2021/3/2,共564场（模拟）,3
2021/3/3,2021/3/4,共564场（模拟）,3
2021/3/10,2021/3/11,共564场（模拟）,3
2021/3/13,2021/3/14,共564场（模拟）,3
2021/3/17,2021/3/18,共564场（模拟）,3
2021/3/22,2021/3/23,共564场（模拟）,3
2021/3/24,2021/3/25,共564场（模拟）,3
2021/3/25,2021/3/26,共564场（模拟）,3
2021/3/27,2021/3/28,共564场（模拟）,3
2021/4/5,2021/4/6,共564场（模拟）,3
2021/4/5,2021/4/6,共564场（模拟）,4
2021/4/11,2021/4/12,共564场（模拟）,3
2021/4/11,2021/4/12,共564场（模拟）,4
2021/4/15,2021/4/16,共564场（模拟）,3
2021/4/18,2021/4/19,共564场（模拟）,3
2021/4/19,2021/4/20,共564场（模拟）,3
2021/4/21,2021/4/22,共564场（模拟）,3
2021/5/1,2021/5/2,共564场（模拟）,3
2021/5/4,2021/5/5,共564场（模拟）,3
2021/5/5,2021/5/6,共564场（模拟）,3
2021/5/10,2021/5/11,共564场（模拟）,3
2021/5/12,2021/5/13,共564场（模拟）,3
2021/5/15,2021/5/16,共564场（模拟）,3
2021/5/18,2021/5/19,共564场（模拟）,3
2021/5/19,2021/5/20,共564场（模拟）,3
2021/5/20,2021/5/21,共564场（模拟）,3
2021/5/21,2021/5/22,共564场（模拟）,3
2021/5/24,2021/5/25,共564场（模拟）,3
2021/5/26,2021/5/27,共564场（模拟）,3
2021/5/27,2021/5/28,共564场（模拟）,3
2021/5/28,2021/5/29,共564场（模拟）,3
2021/5/28,2021/5/29,共564场（模拟）,4
2021/5/29,2021/5/30,共564场（模拟）,3
2021/5/31,2021/6/1,共564场（模拟）,3
2021/6/1,2021/6/2,共564场（模拟）,3
2021/6/2,2021/6/3,共564场（模拟）,3
2021/6/2,2021/6/3,共564场（模拟）,4
2021/6/3,2021/6/4,共564场（模拟）,3
2021/6/4,2021/6/5,共564场（模拟）,3
2021/6/5,2021/6/6,共564场（模拟）,3
2021/6/6,2021/6/7,共564场（模拟）,3
2021/6/7,2021/6/8,共564场（模拟）,3
2021/6/8,2021/6/9,共564场（模拟）,3
2021/6/9,2021/6/10,共564场（模拟）,3
2021/6/10,2021/6/11,共564场（模拟）,3
2021/6/11,2021/6/12,共564场（模拟）,3
2021/6/11,2021/6/12,共564场（模拟）,4
2021/6/12,2021/6/13,共564场（模拟）,3
2021/6/12,2021/6/13,共564场（模拟）,4
2021/6/13,2021/6/14,共564场（模拟）,3
2021/6/13,2021/6/14,共564场（模拟）,4
2021/6/14,2021/6/15,共564场（模拟）,3
2021/6/14,2021/6/15,共564场（模拟）,4
2021/6/15,2021/6/16,共564场（模拟）,3
2021/6/16,2021/6/17,共564场（模拟）,3
2021/6/17,2021/6/18,共564场（模拟）,3
2021/6/17,2021/6/18,共564场（模拟）,4
2021/6/18,2021/6/19,共564场（模拟）,3
2021/6/19,2021/6/20,共564场（模拟）,3
2021/6/20,2021/6/21,共564场（模拟）,3
2021/6/21,2021/6/22,共564场（模拟）,3
2021/6/21,2021/6/22,共564场（模拟）,4
2021/6/22,2021/6/23,共564场（模拟）,3
2021/6/23,2021/6/24,共564场（模拟）,3
2021/6/23,2021/6/24,共564场（模拟）,4
2021/6/23,2021/6/24,共564场（模拟）,5
2021/6/25,2021/6/26,共564场（模拟）,3
2021/6/27,2021/6/28,共564场（模拟）,3
2021/6/27,2021/6/28,共564场（模拟）,4
2021/6/28,2021/6/29,共564场（模拟）,3
2021/7/14,2021/7/15,共564场（模拟）,3
2021/7/15,2021/7/16,共564场（模拟）,3
2021/7/16,2021/7/17,共564场（模拟）,3
2021/7/17,2021/7/18,共564场（模拟）,3
2021/7/17,2021/7/18,共564场（模拟）,4
2021/7/20,2021/7/21,共564场（模拟）,3
2021/7/22,2021/7/23,共564场（模拟）,3
2021/7/25,2021/7/26,共564场（模拟）,3
2021/7/31,2021/8/1,共564场（模拟）,3
2021/8/1,2021/8/2,共564场（模拟）,3
2021/8/6,2021/8/7,共564场（模拟）,3
2021/8/13,2021/8/14,共564场（模拟）,3
2021/8/15,2021/8/16,共564场（模拟）,3
2021/8/16,2021/8/17,共564场（模拟）,3
2021/8/19,2021/8/20,共564场（模拟）,3
2021/8/19,2021/8/20,共564场（模拟）,4
2021/8/21,2021/8/22,共564场（模拟）,3
2021/8/22,2021/8/23,共564场（模拟）,3
2021/8/27,2021/8/28,共564场（模拟）,3
2021/8/29,2021/8/30,共564场（模拟）,3
2021/8/30,2021/8/31,共564场（模拟）,3
2021/9/3,2021/9/4,共564场（模拟）,3
2021/9/5,2021/9/6,共564场（模拟）,3
2021/9/6,2021/9/7,共564场（模拟）,3
2021/9/6,2021/9/7,共564场（模拟）,4
2021/9/7,2021/9/8,共564场（模拟）,3
2021/9/7,2021/9/8,共564场（模拟）,4
2021/9/7,2021/9/8,共564场（模拟）,5
2021/9/8,2021/9/9,共564场（模拟）,3
2021/9/9,2021/9/10,共564场（模拟）,3
2021/9/10,2021/9/11,共564场（模拟）,3
2021/9/14,2021/9/15,共564场（模拟）,3
2021/9/15,2021/9/16,共564场（模拟）,3
2021/9/22,2021/9/23,共564场（模拟）,3
2021/9/27,2021/9/28,共564场（模拟）,3
2021/9/29,2021/9/30,共564场（模拟）,3
2021/10/5,2021/10/6,共564场（模拟）,3
2021/10/5,2021/10/6,共564场（模拟）,4
2021/10/10,2021/10/11,共564场（模拟）,3
2021/10/12,2021/10/13,共564场（模拟）,3
2021/10/13,2021/10/14,共564场（模拟）,3
2021/10/14,2021/10/15,共564场（模拟）,3
2021/10/23,2021/10/24,共564场（模拟）,3
2021/10/27,2021/10/28,共564场（模拟）,3
2021/10/30,2021/10/31,共564场（模拟）,3
2021/11/4,2021/11/5,共564场（模拟）,3
2021/11/4,2021/11/5,共564场（模拟）,4
2021/11/4,2021/11/5,共564场（模拟）,5
2021/11/5,2021/11/6,共564场（模拟）,3
2021/11/5,2021/11/6,共564场（模拟）,4
2021/11/6,2021/11/7,共564场（模拟）,3
2021/11/6,2021/11/7,共564场（模拟）,4
2021/11/10,2021/11/11,共564场（模拟）,3
2021/11/10,2021/11/11,共564场（模拟）,4
2021/11/15,2021/11/16,共564场（模拟）,3
2021/11/19,2021/11/20,共564场（模拟）,3
2021/11/27,2021/11/28,共564场（模拟）,3
2021/12/4,2021/12/5,共564场（模拟）,3
2021/12/4,2021/12/5,共564场（模拟）,4
2021/12/7,2021/12/8,共564场（模拟）,3
2021/12/7,2021/12/8,共564场（模拟）,4
2021/12/10,2021/12/11,共564场（模拟）,3
2021/12/14,2021/12/15,共564场（模拟）,3
2021/12/16,2021/12/17,共564场（模拟）,3
2021/12/17,2021/12/18,共564场（模拟）,3
2021/12/18,2021/12/19,共564场（模拟）,3
2021/12/19,2021/12/20,共564场（模拟）,3
2021/12/21,2021/12/22,共564场（模拟）,3
2021/12/23,2021/12/24,共564场（模拟）,3
2021/12/26,2021/12/27,共564场（模拟）,3
2022/1/5,2022/1/6,共564场（模拟）,3
2022/1/7,2022/1/8,共564场（模拟）,3
2022/1/12,2022/1/13,共564场（模拟）,3
2022/1/17,2022/1/18,共564场（模拟）,3
2022/1/25,2022/1/26,共564场（模拟）,3
2022/1/28,2022/1/29,共564场（模拟）,3
2022/1/30,2022/1/31,共564场（模拟）,3
2022/2/7,2022/2/8,共564场（模拟）,3
2022/2/9,2022/2/10,共564场（模拟）,3
2022/2/10,2022/2/11,共564场（模拟）,3
2022/2/11,2022/2/12,共564场（模拟）,3
2022/2/13,2022/2/14,共564场（模拟）,3
2022/2/15,2022/2/16,共564场（模拟）,3
2022/2/16,2022/2/17,共564场（模拟）,3
2022/2/17,2022/2/18,共564场（模拟）,3
2022/2/19,2022/2/20,共564场（模拟）,3
2022/2/23,2022/2/24,共564场（模拟）,3
2022/3/1,2022/3/2,共564场（模拟）,3
2022/3/9,2022/3/10,共564场（模拟）,3
2022/3/10,2022/3/11,共564场（模拟）,3
2022/3/11,2022/3/12,共564场（模拟）,3
2022/3/12,2022/3/13,共564场（模拟）,3
2022/3/13,2022/3/14,共564场（模拟）,3
2022/3/15,2022/3/16,共564场（模拟）,3
2022/3/16,2022/3/17,共564场（模拟）,3
2022/3/17,2022/3/18,共564场（模拟）,3
2022/3/17,2022/3/18,共564场（模拟）,4
2022/3/29,2022/3/30,共564场（模拟）,3
2022/4/3,2022/4/4,共564场（模拟）,3
2022/4/4,2022/4/5,共564场（模拟）,3
2022/4/5,2022/4/6,共564场（模拟）,3
2022/4/7,2022/4/8,共564场（模拟）,3
2022/4/8,2022/4/9,共564场（模拟）,3
2022/4/9,2022/4/10,共564场（模拟）,3
2022/4/10,2022/4/11,共564场（模拟）,3
2022/4/11,2022/4/12,共564场（模拟）,3
2022/4/12,2022/4/13,共564场（模拟）,3
2022/4/13,2022/4/14,共564场（模拟）,3
2022/4/14,2022/4/15,共564场（模拟）,3
2022/4/14,2022/4/15,共564场（模拟）,4
2022/4/15,2022/4/16,共564场（模拟）,3
2022/4/16,2022/4/17,共564场（模拟）,3
2022/4/16,2022/4/17,共564场（模拟）,4
2022/4/17,2022/4/18,共564场（模拟）,3
2022/4/18,2022/4/19,共564场（模拟）,3
2022/4/20,2022/4/21,共564场（模拟）,3
2022/4/20,2022/4/21,共564场（模拟）,4
2022/4/22,2022/4/23,共564场（模拟）,3
2022/4/22,2022/4/23,共564场（模拟）,4
2022/4/26,2022/4/27,共564场（模拟）,3
2022/4/26,2022/4/27,共564场（模拟）,4
2022/4/26,2022/4/27,共564场（模拟）,5
2022/4/27,2022/4/28,共564场（模拟）,3
2022/4/28,2022/4/29,共564场（模拟）,3
2022/4/28,2022/4/29,共564场（模拟）,4
2022/4/29,2022/4/30,共564场（模拟）,3
2022/4/30,2022/5/1,共564场（模拟）,3
2022/4/30,2022/5/1,共564场（模拟）,4
2022/5/1,2022/5/2,共564场（模拟）,3
2022/5/2,2022/5/3,共564场（模拟）,3
2022/5/3,2022/5/4,共564场（模拟）,3
2022/5/4,2022/5/5,共564场（模拟）,3
2022/5/5,2022/5/6,共564场（模拟）,3
2022/5/7,2022/5/8,共564场（模拟）,3
2022/5/7,2022/5/8,共564场（模拟）,4
2022/5/9,2022/5/10,共564场（模拟）,3
2022/5/9,2022/5/10,共564场（模拟）,4
2022/5/9,2022/5/10,共564场（模拟）,5
2022/5/9,2022/5/10,共564场（模拟）,6
2022/5/10,2022/5/11,共564场（模拟）,3
2022/5/10,2022/5/11,共564场（模拟）,4
2022/5/13,2022/5/14,共564场（模拟）,3
2022/5/16,2022/5/17,共564场（模拟）,3
2022/5/22,2022/5/23,共564场（模拟）,3
2022/5/23,2022/5/24,共564场（模拟）,3
2022/5/23,2022/5/24,共564场（模拟）,4
2022/5/23,2022/5/24,共564场（模拟）,5
2022/5/24,2022/5/25,共564场（模拟）,3
2022/6/8,2022/6/9,共564场（模拟）,3
2022/6/11,2022/6/12,共564场（模拟）,3
2022/6/17,2022/6/18,共564场（模拟）,3
2022/6/19,2022/6/20,共564场（模拟）,3
2022/6/24,2022/6/25,共564场（模拟）,3
2022/6/27,2022/6/28,共564场（模拟）,3
2022/6/29,2022/6/30,共564场（模拟）,3
2022/7/5,2022/7/6,共564场（模拟）,3
2022/7/6,2022/7/7,共564场（模拟）,3
2022/7/9,2022/7/10,共564场（模拟）,3
2022/7/10,2022/7/11,共564场（模拟）,3
2022/7/11,2022/7/12,共564场（模拟）,3
2022/7/11,2022/7/12,共564场（模拟）,4
2022/7/12,2022/7/13,共564场（模拟）,3
2022/7/13,2022/7/14,共564场（模拟）,3
2022/7/15,2022/7/16,共564场（模拟）,3
2022/7/22,2022/7/23,共564场（模拟）,3
2022/8/6,2022/8/7,共564场（模拟）,3
2022/8/6,2022/8/7,共564场（模拟）,4
2022/8/8,2022/8/9,共564场（模拟）,3
2022/8/9,2022/8/10,共564场（模拟）,3
2022/8/12,2022/8/13,共564场（模拟）,3
2022/8/13,2022/8/14,共564场（模拟）,3
2022/8/13,2022/8/14,共564场（模拟）,4
2022/8/14,2022/8/15,共564场（模拟）,3
2022/8/21,2022/8/22,共564场（模拟）,3
2022/8/22,2022/8/23,共564场（模拟）,3
2022/8/24,2022/8/25,共564场（模拟）,3
2022/8/25,2022/8/26,共564场（模拟）,3
2022/8/31,2022/9/1,共564场（模拟）,3
2022/9/1,2022/9/2,共564场（模拟）,3
2022/9/1,2022/9/2,共564场（模拟）,4
2022/9/2,2022/9/3,共564场（模拟）,3
2022/9/3,2022/9/4,共564场（模拟）,3
2022/9/4,2022/9/5,共564场（模拟）,3
2022/9/5,2022/9/6,共564场（模拟）,3
2022/9/9,2022/9/10,共564场（模拟）,3
2022/9/11,2022/9/12,共564场（模拟）,3
2022/9/12,2022/9/13,共564场（模拟）,3
2022/9/14,2022/9/15,共564场（模拟）,3
2022/9/25,2022/9/26,共564场（模拟）,3
2022/9/27,2022/9/28,共564场（模拟）,3
2022/10/2,2022/10/3,共564场（模拟）,3
2022/10/2,2022/10/3,共564场（模拟）,4
2022/10/4,2022/10/5,共564场（模拟）,3
2022/10/5,2022/10/6,共564场（模拟）,3
2022/10/6,2022/10/7,共564场（模拟）,3
2022/10/8,2022/10/9,共564场（模拟）,3
2022/10/15,2022/10/16,共564场（模拟）,3
2022/10/15,2022/10/16,共564场（模拟）,4
2022/10/16,2022/10/17,共564场（模拟）,3
2022/10/18,2022/10/19,共564场（模拟）,3
2022/10/19,2022/10/20,共564场（模拟）,3
2022/10/22,2022/10/23,共564场（模拟）,3
2022/10/25,2022/10/26,共564场（模拟）,3
2022/10/25,2022/10/26,共564场（模拟）,4
2022/10/26,2022/10/27,共564场（模拟）,3
2022/10/27,2022/10/28,共564场（模拟）,3
2022/10/27,2022/10/28,共564场（模拟）,4
2022/10/28,2022/10/29,共564场（模拟）,3
2022/10/29,2022/10/30,共564场（模拟）,3
2022/10/30,2022/10/31,共564场（模拟）,3
2022/10/31,2022/11/1,共564场（模拟）,3
2022/11/1,2022/11/2,共564场（模拟）,3
2022/11/2,2022/11/3,共564场（模拟）,3
2022/11/3,2022/11/4,共564场（模拟）,3
2022/11/4,2022/11/5,共564场（模拟）,3
2022/11/4,2022/11/5,共564场（模拟）,4
2022/11/5,2022/11/6,共564场（模拟）,3
2022/11/6,2022/11/7,共564场（模拟）,3
2022/11/7,2022/11/8,共564场（模拟）,3
2022/11/8,2022/11/9,共564场（模拟）,3
2022/11/9,2022/11/10,共564场（模拟）,3
2022/11/10,2022/11/11,共564场（模拟）,3
2022/11/10,2022/11/11,共564场（模拟）,4
2022/11/11,2022/11/12,共564场（模拟）,3
2022/11/12,2022/11/13,共564场（模拟）,3
2022/11/13,2022/11/14,共564场（模拟）,3
2022/11/14,2022/11/15,共564场（模拟）,3
2022/11/15,2022/11/16,共564场（模拟）,3
2022/11/16,2022/11/17,共564场（模拟）,3
2022/11/16,2022/11/17,共564场（模拟）,4
2022/11/17,2022/11/18,共564场（模拟）,3
2022/11/17,2022/11/18,共564场（模拟）,4
2022/11/18,2022/11/19,共564场（模拟）,3
2022/11/19,2022/11/20,共564场（模拟）,3
2022/11/19,2022/11/20,共564场（模拟）,4
2022/11/20,2022/11/21,共564场（模拟）,3
2022/11/21,2022/11/22,共564场（模拟）,3
2022/11/21,2022/11/22,共564场（模拟）,4
2022/11/22,2022/11/23,共564场（模拟）,3
2022/11/23,2022/11/24,共564场（模拟）,3
2022/11/24,2022/11/25,共564场（模拟）,3
2022/11/25,2022/11/26,共564场（模拟）,3
2022/11/26,2022/11/27,共564场（模拟）,3
2022/11/26,2022/11/27,共564场（模拟）,4
2022/11/27,2022/11/28,共564场（模拟）,3
2022/11/28,2022/11/29,共564场（模拟）,3
2022/11/29,2022/11/30,共564场（模拟）,3
2022/11/30,2022/12/1,共564场（模拟）,3
2022/12/1,2022/12/2,共564场（模拟）,3
2022/12/2,2022/12/3,共564场（模拟）,3
2022/12/3,2022/12/4,共564场（模拟）,3
2022/12/3,2022/12/4,共564场（模拟）,4
2022/12/4,2022/12/5,共564场（模拟）,3
2022/12/4,2022/12/5,共564场（模拟）,4
2022/12/5,2022/12/6,共564场（模拟）,3
2022/12/6,2022/12/7,共564场（模拟）,3
2022/12/6,2022/12/7,共564场（模拟）,4
2022/12/7,2022/12/8,共564场（模拟）,3
2020/1/27,2020/1/28,所有信源,3
2020/1/28,2020/1/29,所有信源,3
2020/1/28,2020/1/29,所有信源,4
2020/2/7,2020/2/8,所有信源,3
2020/2/12,2020/2/13,所有信源,3
2020/2/13,2020/2/14,所有信源,3
2020/2/13,2020/2/14,所有信源,4
2020/2/14,2020/2/15,所有信源,3
2020/2/15,2020/2/16,所有信源,3
2020/2/15,2020/2/16,所有信源,4
2020/2/16,2020/2/17,所有信源,3
2020/2/16,2020/2/17,所有信源,4
2020/2/17,2020/2/18,所有信源,3
2020/2/17,2020/2/18,所有信源,4
2020/2/18,2020/2/19,所有信源,3
2020/2/20,2020/2/21,所有信源,3
2020/2/21,2020/2/22,所有信源,3
2020/2/24,2020/2/25,所有信源,3
2020/2/25,2020/2/26,所有信源,3
2020/2/26,2020/2/27,所有信源,3
2020/2/27,2020/2/28,所有信源,3
2020/3/2,2020/3/3,所有信源,3
2020/3/3,2020/3/4,所有信源,3
2020/3/9,2020/3/10,所有信源,3
2020/3/10,2020/3/11,所有信源,3
2020/3/12,2020/3/13,所有信源,3
2020/3/13,2020/3/14,所有信源,3
2020/3/16,2020/3/17,所有信源,3
2020/3/18,2020/3/19,所有信源,3
2020/3/19,2020/3/20,所有信源,3
2020/3/23,2020/3/24,所有信源,3
2020/3/24,2020/3/25,所有信源,3
2020/3/25,2020/3/26,所有信源,3
2020/3/27,2020/3/28,所有信源,3
2020/3/28,2020/3/29,所有信源,3
2020/3/31,2020/4/1,所有信源,3
2020/3/31,2020/4/1,所有信源,4
2020/4/1,2020/4/2,所有信源,3
2020/4/3,2020/4/4,所有信源,3
2020/4/3,2020/4/4,所有信源,4
2020/4/7,2020/4/8,所有信源,3
2020/4/9,2020/4/10,所有信源,3
2020/4/10,2020/4/11,所有信源,3
2020/4/10,2020/4/11,所有信源,4
2020/4/10,2020/4/11,所有信源,5
2020/4/12,2020/4/13,所有信源,3
2020/4/12,2020/4/13,所有信源,4
2020/4/12,2020/4/13,所有信源,5
2020/4/13,2020/4/14,所有信源,3
2020/4/14,2020/4/15,所有信源,3
2020/4/16,2020/4/17,所有信源,3
2020/4/17,2020/4/18,所有信源,3
2020/4/18,2020/4/19,所有信源,3
2020/4/20,2020/4/21,所有信源,3
2020/4/22,2020/4/23,所有信源,3
2020/4/23,2020/4/24,所有信源,3
2020/4/28,2020/4/29,所有信源,3
2020/4/30,2020/5/1,所有信源,3
2020/5/1,2020/5/2,所有信源,3
2020/5/4,2020/5/5,所有信源,3
2020/5/5,2020/5/6,所有信源,3
2020/5/8,2020/5/9,所有信源,3
2020/5/11,2020/5/12,所有信源,3
2020/5/16,2020/5/17,所有信源,3
2020/5/20,2020/5/21,所有信源,3
2020/5/21,2020/5/22,所有信源,3
2020/5/22,2020/5/23,所有信源,3
2020/5/22,2020/5/23,所有信源,4
2020/5/23,2020/5/24,所有信源,3
2020/5/25,2020/5/26,所有信源,3
2020/5/27,2020/5/28,所有信源,3
2020/5/28,2020/5/29,所有信源,3
2020/5/29,2020/5/30,所有信源,3
2020/6/2,2020/6/3,所有信源,3
2020/6/3,2020/6/4,所有信源,3
2020/6/11,2020/6/12,所有信源,3
2020/6/12,2020/6/13,所有信源,3
2020/6/16,2020/6/17,所有信源,3
2020/6/19,2020/6/20,所有信源,3
2020/6/28,2020/6/29,所有信源,3
2020/7/8,2020/7/9,所有信源,3
2020/7/8,2020/7/9,所有信源,4
2020/7/8,2020/7/9,所有信源,5
2020/7/9,2020/7/10,所有信源,3
2020/7/13,2020/7/14,所有信源,3
2020/7/14,2020/7/15,所有信源,3
2020/7/16,2020/7/17,所有信源,3
2020/7/21,2020/7/22,所有信源,3
2020/7/24,2020/7/25,所有信源,3
2020/7/27,2020/7/28,所有信源,3
2020/7/30,2020/7/31,所有信源,3
2020/8/12,2020/8/13,所有信源,3
2020/8/13,2020/8/14,所有信源,3
2020/8/13,2020/8/14,所有信源,4
2020/8/20,2020/8/21,所有信源,3
2020/8/20,2020/8/21,所有信源,4
2020/8/21,2020/8/22,所有信源,3
2020/8/24,2020/8/25,所有信源,3
2020/8/25,2020/8/26,所有信源,3
2020/9/15,2020/9/16,所有信源,3
2021/1/18,2021/1/19,所有信源,3
2021/5/21,2021/5/22,所有信源,3
2021/5/27,2021/5/28,所有信源,3
2021/5/28,2021/5/29,所有信源,3
2021/5/29,2021/5/30,所有信源,3
2021/5/31,2021/6/1,所有信源,3
2021/6/1,2021/6/2,所有信源,3
2021/6/2,2021/6/3,所有信源,3
2021/6/3,2021/6/4,所有信源,3
2021/6/4,2021/6/5,所有信源,3
2021/6/5,2021/6/6,所有信源,3
2021/6/6,2021/6/7,所有信源,3
2021/6/7,2021/6/8,所有信源,3
2021/6/8,2021/6/9,所有信源,3
2021/6/9,2021/6/10,所有信源,3
2021/6/10,2021/6/11,所有信源,3
2021/6/11,2021/6/12,所有信源,3
2021/6/12,2021/6/13,所有信源,3
2021/6/13,2021/6/14,所有信源,3
2021/6/14,2021/6/15,所有信源,3
2021/6/14,2021/6/15,所有信源,4
2021/6/15,2021/6/16,所有信源,3
2021/6/16,2021/6/17,所有信源,3
2021/6/17,2021/6/18,所有信源,3
2021/6/18,2021/6/19,所有信源,3
2021/6/19,2021/6/20,所有信源,3
2021/6/20,2021/6/21,所有信源,3
2021/6/21,2021/6/22,所有信源,3
2021/6/22,2021/6/23,所有信源,3
2021/6/23,2021/6/24,所有信源,3
2021/6/23,2021/6/24,所有信源,4
2021/6/25,2021/6/26,所有信源,3
2021/6/28,2021/6/29,所有信源,3
2021/8/6,2021/8/7,所有信源,3
2021/8/13,2021/8/14,所有信源,3
2021/9/5,2021/9/6,所有信源,3
2021/9/6,2021/9/7,所有信源,3
2021/9/7,2021/9/8,所有信源,3
2021/9/8,2021/9/9,所有信源,3
2021/10/12,2021/10/13,所有信源,3
2021/12/4,2021/12/5,所有信源,3
2021/12/14,2021/12/15,所有信源,3
2021/12/16,2021/12/17,所有信源,3
2021/12/17,2021/12/18,所有信源,3
2022/1/25,2022/1/26,所有信源,3
2022/2/15,2022/2/16,所有信源,3
2022/2/16,2022/2/17,所有信源,3
2022/2/17,2022/2/18,所有信源,3
2022/3/9,2022/3/10,所有信源,3
2022/3/10,2022/3/11,所有信源,3
2022/3/11,2022/3/12,所有信源,3
2022/3/12,2022/3/13,所有信源,3
2022/3/16,2022/3/17,所有信源,3
2022/4/7,2022/4/8,所有信源,3
2022/4/8,2022/4/9,所有信源,3
2022/4/9,2022/4/10,所有信源,3
2022/4/10,2022/4/11,所有信源,3
2022/4/11,2022/4/12,所有信源,3
2022/4/12,2022/4/13,所有信源,3
2022/4/13,2022/4/14,所有信源,3
2022/4/14,2022/4/15,所有信源,3
2022/4/15,2022/4/16,所有信源,3
2022/4/16,2022/4/17,所有信源,3
2022/4/17,2022/4/18,所有信源,3
2022/4/18,2022/4/19,所有信源,3
2022/4/20,2022/4/21,所有信源,3
2022/4/22,2022/4/23,所有信源,3
2022/4/26,2022/4/27,所有信源,3
2022/4/28,2022/4/29,所有信源,3
2022/4/29,2022/4/30,所有信源,3
2022/4/30,2022/5/1,所有信源,3
2022/5/1,2022/5/2,所有信源,3
2022/5/2,2022/5/3,所有信源,3
2022/5/3,2022/5/4,所有信源,3
2022/5/5,2022/5/6,所有信源,3
2022/5/9,2022/5/10,所有信源,3
2022/7/9,2022/7/10,所有信源,3
2022/7/10,2022/7/11,所有信源,3
2022/7/11,2022/7/12,所有信源,3
2022/7/12,2022/7/13,所有信源,3
2022/7/13,2022/7/14,所有信源,3
2022/8/24,2022/8/25,所有信源,3
2022/8/31,2022/9/1,所有信源,3
2022/9/1,2022/9/2,所有信源,3
2022/9/2,2022/9/3,所有信源,3
2022/9/4,2022/9/5,所有信源,3
2022/9/27,2022/9/28,所有信源,3
2022/10/25,2022/10/26,所有信源,3
2022/10/26,2022/10/27,所有信源,3
2022/10/27,2022/10/28,所有信源,3
2022/10/28,2022/10/29,所有信源,3
2022/10/29,2022/10/30,所有信源,3
2022/10/30,2022/10/31,所有信源,3
2022/10/31,2022/11/1,所有信源,3
2022/11/1,2022/11/2,所有信源,3
2022/11/2,2022/11/3,所有信源,3
2022/11/3,2022/11/4,所有信源,3
2022/11/4,2022/11/5,所有信源,3
2022/11/5,2022/11/6,所有信源,3
2022/11/6,2022/11/7,所有信源,3
2022/11/7,2022/11/8,所有信源,3
2022/11/8,2022/11/9,所有信源,3
2022/11/9,2022/11/10,所有信源,3
2022/11/10,2022/11/11,所有信源,3
2022/11/11,2022/11/12,所有信源,3
2022/11/12,2022/11/13,所有信源,3
2022/11/13,2022/11/14,所有信源,3
2022/11/14,2022/11/15,所有信源,3
2022/11/15,2022/11/16,所有信源,3
2022/11/16,2022/11/17,所有信源,3
2022/11/17,2022/11/18,所有信源,3
2022/11/18,2022/11/19,所有信源,3
2022/11/19,2022/11/20,所有信源,3
2022/11/20,2022/11/21,所有信源,3
2022/11/21,2022/11/22,所有信源,3
2022/11/22,2022/11/23,所有信源,3
2022/11/23,2022/11/24,所有信源,3
2022/11/24,2022/11/25,所有信源,3
2022/11/25,2022/11/26,所有信源,3
2022/11/26,2022/11/27,所有信源,3
2022/11/27,2022/11/28,所有信源,3
2022/11/28,2022/11/29,所有信源,3
2022/11/29,2022/11/30,所有信源,3
2022/11/30,2022/12/1,所有信源,3
2022/12/1,2022/12/2,所有信源,3
2022/12/2,2022/12/3,所有信源,3
2022/12/3,2022/12/4,所有信源,3
2022/12/4,2022/12/5,所有信源,3
2022/12/5,2022/12/6,所有信源,3
2022/12/6,2022/12/7,所有信源,3
2022/12/7,2022/12/8,所有信源,3
2020/1/28,2020/1/29,广州市新闻中心,3
2020/1/28,2020/1/29,广州市新闻中心,4
2020/3/3,2020/3/4,广州市新闻中心,3
2020/3/12,2020/3/13,广州市新闻中心,3
2020/3/13,2020/3/14,广州市新闻中心,3
2020/3/31,2020/4/1,广州市新闻中心,3
2020/4/13,2020/4/14,广州市新闻中心,3
2020/4/17,2020/4/18,广州市新闻中心,3
2020/4/18,2020/4/19,广州市新闻中心,3
2020/4/22,2020/4/23,广州市新闻中心,3
2020/4/30,2020/5/1,广州市新闻中心,3
2020/5/4,2020/5/5,广州市新闻中心,3
2020/5/5,2020/5/6,广州市新闻中心,3
2020/5/11,2020/5/12,广州市新闻中心,3
2020/5/16,2020/5/17,广州市新闻中心,3
2020/5/20,2020/5/21,广州市新闻中心,3
2020/5/22,2020/5/23,广州市新闻中心,3
2020/5/22,2020/5/23,广州市新闻中心,4
2020/5/23,2020/5/24,广州市新闻中心,3
2020/5/25,2020/5/26,广州市新闻中心,3
2020/5/27,2020/5/28,广州市新闻中心,3
2020/5/28,2020/5/29,广州市新闻中心,3
2020/5/29,2020/5/30,广州市新闻中心,3
2020/6/2,2020/6/3,广州市新闻中心,3
2020/6/3,2020/6/4,广州市新闻中心,3
2020/6/11,2020/6/12,广州市新闻中心,3
2020/6/16,2020/6/17,广州市新闻中心,3
2020/6/19,2020/6/20,广州市新闻中心,3
2020/7/8,2020/7/9,广州市新闻中心,3
2020/7/8,2020/7/9,广州市新闻中心,4
2020/7/9,2020/7/10,广州市新闻中心,3
2020/7/13,2020/7/14,广州市新闻中心,3
2020/7/14,2020/7/15,广州市新闻中心,3
2020/7/16,2020/7/17,广州市新闻中心,3
2020/7/21,2020/7/22,广州市新闻中心,3
2020/7/24,2020/7/25,广州市新闻中心,3
2020/7/27,2020/7/28,广州市新闻中心,3
2020/7/30,2020/7/31,广州市新闻中心,3
2020/8/12,2020/8/13,广州市新闻中心,3
2020/8/13,2020/8/14,广州市新闻中心,3
2020/8/20,2020/8/21,广州市新闻中心,3
2020/8/20,2020/8/21,广州市新闻中心,4
2020/8/21,2020/8/22,广州市新闻中心,3
2020/8/24,2020/8/25,广州市新闻中心,3
2020/8/25,2020/8/26,广州市新闻中心,3
2021/5/27,2021/5/28,广州市新闻中心,3
2021/5/28,2021/5/29,广州市新闻中心,3
2021/6/1,2021/6/2,广州市新闻中心,3
2021/6/6,2021/6/7,广州市新闻中心,3
2021/6/7,2021/6/8,广州市新闻中心,3
2021/6/9,2021/6/10,广州市新闻中心,3
2021/6/11,2021/6/12,广州市新闻中心,3
2021/6/12,2021/6/13,广州市新闻中心,3
2021/6/13,2021/6/14,广州市新闻中心,3
2021/6/14,2021/6/15,广州市新闻中心,3
2021/6/14,2021/6/15,广州市新闻中心,4
2021/6/20,2021/6/21,广州市新闻中心,3
2021/6/22,2021/6/23,广州市新闻中心,3
2021/12/16,2021/12/17,广州市新闻中心,3
2021/12/17,2021/12/18,广州市新闻中心,3
2022/2/15,2022/2/16,广州市新闻中心,3
2022/2/17,2022/2/18,广州市新闻中心,3
2022/3/9,2022/3/10,广州市新闻中心,3
2022/3/10,2022/3/11,广州市新闻中心,3
2022/3/11,2022/3/12,广州市新闻中心,3
2022/3/12,2022/3/13,广州市新闻中心,3
2022/3/16,2022/3/17,广州市新闻中心,3
2022/4/7,2022/4/8,广州市新闻中心,3
2022/4/8,2022/4/9,广州市新闻中心,3
2022/4/9,2022/4/10,广州市新闻中心,3
2022/4/10,2022/4/11,广州市新闻中心,3
2022/4/11,2022/4/12,广州市新闻中心,3
2022/4/12,2022/4/13,广州市新闻中心,3
2022/4/13,2022/4/14,广州市新闻中心,3
2022/4/14,2022/4/15,广州市新闻中心,3
2022/4/15,2022/4/16,广州市新闻中心,3
2022/4/16,2022/4/17,广州市新闻中心,3
2022/4/17,2022/4/18,广州市新闻中心,3
2022/4/18,2022/4/19,广州市新闻中心,3
2022/4/20,2022/4/21,广州市新闻中心,3
2022/4/22,2022/4/23,广州市新闻中心,3
2022/4/28,2022/4/29,广州市新闻中心,3
2022/4/29,2022/4/30,广州市新闻中心,3
2022/4/30,2022/5/1,广州市新闻中心,3
2022/5/1,2022/5/2,广州市新闻中心,3
2022/5/2,2022/5/3,广州市新闻中心,3
2022/5/3,2022/5/4,广州市新闻中心,3
2022/5/5,2022/5/6,广州市新闻中心,3
2022/5/9,2022/5/10,广州市新闻中心,3
2022/7/9,2022/7/10,广州市新闻中心,3
2022/7/10,2022/7/11,广州市新闻中心,3
2022/7/11,2022/7/12,广州市新闻中心,3
2022/7/12,2022/7/13,广州市新闻中心,3
2022/7/13,2022/7/14,广州市新闻中心,3
2020/4/10,2020/4/11,广州市卫健委,3
2020/4/12,2020/4/13,广州市卫健委,3
2020/8/20,2020/8/21,广州市卫健委,3
2021/1/18,2021/1/19,广州市卫健委,3
2021/5/21,2021/5/22,广州市卫健委,3
2021/5/27,2021/5/28,广州市卫健委,3
2021/6/1,2021/6/2,广州市卫健委,3
2021/6/10,2021/6/11,广州市卫健委,3
2021/9/5,2021/9/6,广州市卫健委,3
2021/9/6,2021/9/7,广州市卫健委,3
2021/9/7,2021/9/8,广州市卫健委,3
2021/9/8,2021/9/9,广州市卫健委,3
2021/10/12,2021/10/13,广州市卫健委,3
2021/12/14,2021/12/15,广州市卫健委,3
2021/12/16,2021/12/17,广州市卫健委,3
2021/12/17,2021/12/18,广州市卫健委,3
2022/1/25,2022/1/26,广州市卫健委,3
2022/2/15,2022/2/16,广州市卫健委,3
2022/2/16,2022/2/17,广州市卫健委,3
2022/2/17,2022/2/18,广州市卫健委,3
2022/3/9,2022/3/10,广州市卫健委,3
2022/3/10,2022/3/11,广州市卫健委,3
2022/3/11,2022/3/12,广州市卫健委,3
2022/3/12,2022/3/13,广州市卫健委,3
2022/3/16,2022/3/17,广州市卫健委,3
2022/4/7,2022/4/8,广州市卫健委,3
2022/4/8,2022/4/9,广州市卫健委,3
2022/4/9,2022/4/10,广州市卫健委,3
2022/4/11,2022/4/12,广州市卫健委,3
2022/4/12,2022/4/13,广州市卫健委,3
2022/4/13,2022/4/14,广州市卫健委,3
2022/4/14,2022/4/15,广州市卫健委,3
2022/4/16,2022/4/17,广州市卫健委,3
2022/4/17,2022/4/18,广州市卫健委,3
2022/4/18,2022/4/19,广州市卫健委,3
2022/4/20,2022/4/21,广州市卫健委,3
2022/4/28,2022/4/29,广州市卫健委,3
2022/4/29,2022/4/30,广州市卫健委,3
2022/5/3,2022/5/4,广州市卫健委,3
2022/5/5,2022/5/6,广州市卫健委,3
2022/5/9,2022/5/10,广州市卫健委,3
2022/7/9,2022/7/10,广州市卫健委,3
2022/7/10,2022/7/11,广州市卫健委,3
2022/7/11,2022/7/12,广州市卫健委,3
2022/7/12,2022/7/13,广州市卫健委,3
2022/7/13,2022/7/14,广州市卫健委,3
2022/8/24,2022/8/25,广州市卫健委,3
2022/8/31,2022/9/1,广州市卫健委,3
2022/9/2,2022/9/3,广州市卫健委,3
2022/9/4,2022/9/5,广州市卫健委,3
2022/9/27,2022/9/28,广州市卫健委,3
2022/10/25,2022/10/26,广州市卫健委,3
2022/10/26,2022/10/27,广州市卫健委,3
2022/10/27,2022/10/28,广州市卫健委,3
2022/10/28,2022/10/29,广州市卫健委,3
2022/10/29,2022/10/30,广州市卫健委,3
2022/10/30,2022/10/31,广州市卫健委,3
2022/10/31,2022/11/1,广州市卫健委,3
2022/11/1,2022/11/2,广州市卫健委,3
2022/11/2,2022/11/3,广州市卫健委,3
2022/11/3,2022/11/4,广州市卫健委,3
2022/11/4,2022/11/5,广州市卫健委,3
2022/11/5,2022/11/6,广州市卫健委,3
2022/11/6,2022/11/7,广州市卫健委,3
2022/11/7,2022/11/8,广州市卫健委,3
2022/11/9,2022/11/10,广州市卫健委,3
2022/11/10,2022/11/11,广州市卫健委,3
2022/11/11,2022/11/12,广州市卫健委,3
2022/11/13,2022/11/14,广州市卫健委,3
2022/11/14,2022/11/15,广州市卫健委,3
2022/11/15,2022/11/16,广州市卫健委,3
2022/11/16,2022/11/17,广州市卫健委,3
2022/11/17,2022/11/18,广州市卫健委,3
2022/11/18,2022/11/19,广州市卫健委,3
2022/11/19,2022/11/20,广州市卫健委,3
2022/11/20,2022/11/21,广州市卫健委,3
2022/11/21,2022/11/22,广州市卫健委,3
2022/11/22,2022/11/23,广州市卫健委,3
2022/11/23,2022/11/24,广州市卫健委,3
2022/11/24,2022/11/25,广州市卫健委,3
2022/11/25,2022/11/26,广州市卫健委,3
2022/11/26,2022/11/27,广州市卫健委,3
2022/11/27,2022/11/28,广州市卫健委,3
2022/11/28,2022/11/29,广州市卫健委,3
2022/11/29,2022/11/30,广州市卫健委,3
2022/11/30,2022/12/1,广州市卫健委,3
2022/12/1,2022/12/2,广州市卫健委,3
2022/12/2,2022/12/3,广州市卫健委,3
2022/12/3,2022/12/4,广州市卫健委,3
2022/12/4,2022/12/5,广州市卫健委,3
2022/12/5,2022/12/6,广州市卫健委,3
2022/12/6,2022/12/7,广州市卫健委,3
2020/7/27,2020/7/28,中国广州发布,3
2021/5/29,2021/5/30,中国广州发布,3
2021/6/1,2021/6/2,中国广州发布,3
2021/6/4,2021/6/5,中国广州发布,3
2021/6/5,2021/6/6,中国广州发布,3
2021/6/7,2021/6/8,中国广州发布,3
2021/6/8,2021/6/9,中国广州发布,3
2021/6/9,2021/6/10,中国广州发布,3
2021/6/10,2021/6/11,中国广州发布,3
2021/6/11,2021/6/12,中国广州发布,3
2021/6/12,2021/6/13,中国广州发布,3
2021/6/14,2021/6/15,中国广州发布,3
2021/6/16,2021/6/17,中国广州发布,3
2021/6/17,2021/6/18,中国广州发布,3
2021/6/20,2021/6/21,中国广州发布,3
2021/6/25,2021/6/26,中国广州发布,3
2021/8/6,2021/8/7,中国广州发布,3
2021/8/13,2021/8/14,中国广州发布,3
2021/9/5,2021/9/6,中国广州发布,3
2021/9/8,2021/9/9,中国广州发布,3
2021/12/16,2021/12/17,中国广州发布,3
2021/12/17,2021/12/18,中国广州发布,3
2020/2/7,2020/2/8,广州市政府网站,3
2020/2/12,2020/2/13,广州市政府网站,3
2020/2/13,2020/2/14,广州市政府网站,3
2020/2/13,2020/2/14,广州市政府网站,4
2020/2/15,2020/2/16,广州市政府网站,3
2020/2/15,2020/2/16,广州市政府网站,4
2020/2/16,2020/2/17,广州市政府网站,3
2020/2/17,2020/2/18,广州市政府网站,3
2020/2/21,2020/2/22,广州市政府网站,3
2020/2/25,2020/2/26,广州市政府网站,3
2020/2/26,2020/2/27,广州市政府网站,3
2020/3/2,2020/3/3,广州市政府网站,3
2020/3/9,2020/3/10,广州市政府网站,3
2020/3/10,2020/3/11,广州市政府网站,3
2020/3/16,2020/3/17,广州市政府网站,3
2020/3/25,2020/3/26,广州市政府网站,3
2020/3/31,2020/4/1,广州市政府网站,3
2020/4/1,2020/4/2,广州市政府网站,3
2020/4/7,2020/4/8,广州市政府网站,3
2020/4/10,2020/4/11,广州市政府网站,3
2020/4/10,2020/4/11,广州市政府网站,4
2020/4/12,2020/4/13,广州市政府网站,3
2020/4/28,2020/4/29,广州市政府网站,3
2020/2/24,2020/2/25,中国网广州发布,3
2020/3/2,2020/3/3,广州市司法局,3
2020/7/8,2020/7/9,广州市司法局,3
2020/8/13,2020/8/14,广州市司法局,3
2020/2/16,2020/2/17,广州各区发布公众号,1
2020/2/17,2020/2/18,广州各区发布公众号,1
2020/2/18,2020/2/19,广州各区发布公众号,1
2020/2/20,2020/2/21,广州各区发布公众号,1
2020/3/12,2020/3/13,广州各区发布公众号,1
2020/3/18,2020/3/19,广州各区发布公众号,1
2020/3/19,2020/3/20,广州各区发布公众号,1
2020/3/24,2020/3/25,广州各区发布公众号,1
2020/3/27,2020/3/28,广州各区发布公众号,1
2020/3/28,2020/3/29,广州各区发布公众号,1
2020/4/3,2020/4/4,广州各区发布公众号,1
2020/4/9,2020/4/10,广州各区发布公众号,1
2020/4/12,2020/4/13,广州各区发布公众号,1
2020/4/12,2020/4/13,广州各区发布公众号,2
2020/4/16,2020/4/17,广州各区发布公众号,1
2020/4/23,2020/4/24,广州各区发布公众号,1
2020/5/8,2020/5/9,广州各区发布公众号,1
2020/6/28,2020/6/29,广州各区发布公众号,1
2020/8/20,2020/8/21,广州各区发布公众号,1
2021/1/18,2021/1/19,广州各区发布公众号,1
2021/5/21,2021/5/22,广州各区发布公众号,1
2021/5/27,2021/5/28,广州各区发布公众号,1
2021/5/28,2021/5/29,广州各区发布公众号,1
2021/5/29,2021/5/30,广州各区发布公众号,1
2021/5/31,2021/6/1,广州各区发布公众号,1
2021/6/1,2021/6/2,广州各区发布公众号,1
2021/6/2,2021/6/3,广州各区发布公众号,1
2021/6/3,2021/6/4,广州各区发布公众号,1
2021/6/4,2021/6/5,广州各区发布公众号,1
2021/6/5,2021/6/6,广州各区发布公众号,1
2021/6/6,2021/6/7,广州各区发布公众号,1
2021/6/7,2021/6/8,广州各区发布公众号,1
2021/6/8,2021/6/9,广州各区发布公众号,1
2021/6/9,2021/6/10,广州各区发布公众号,1
2021/6/10,2021/6/11,广州各区发布公众号,1
2021/6/11,2021/6/12,广州各区发布公众号,1
2021/6/12,2021/6/13,广州各区发布公众号,1
2021/6/13,2021/6/14,广州各区发布公众号,1
2021/6/14,2021/6/15,广州各区发布公众号,1
2021/6/14,2021/6/15,广州各区发布公众号,2
2021/6/15,2021/6/16,广州各区发布公众号,1
2021/6/16,2021/6/17,广州各区发布公众号,1
2021/6/17,2021/6/18,广州各区发布公众号,1
2021/6/18,2021/6/19,广州各区发布公众号,1
2021/6/19,2021/6/20,广州各区发布公众号,1
2021/6/20,2021/6/21,广州各区发布公众号,1
2021/6/21,2021/6/22,广州各区发布公众号,1
2021/6/22,2021/6/23,广州各区发布公众号,1
2021/6/23,2021/6/24,广州各区发布公众号,1
2021/6/23,2021/6/24,广州各区发布公众号,2
2021/6/25,2021/6/26,广州各区发布公众号,1
2021/6/28,2021/6/29,广州各区发布公众号,1
2021/8/6,2021/8/7,广州各区发布公众号,1
2021/8/13,2021/8/14,广州各区发布公众号,1
2021/9/5,2021/9/6,广州各区发布公众号,1
2021/9/6,2021/9/7,广州各区发布公众号,1
2021/9/8,2021/9/9,广州各区发布公众号,1
2021/12/4,2021/12/5,广州各区发布公众号,1
2021/12/14,2021/12/15,广州各区发布公众号,1
2021/12/16,2021/12/17,广州各区发布公众号,1
2021/12/17,2021/12/18,广州各区发布公众号,1
2022/2/15,2022/2/16,广州各区发布公众号,1
2022/2/16,2022/2/17,广州各区发布公众号,1
2022/3/9,2022/3/10,广州各区发布公众号,1
2022/3/10,2022/3/11,广州各区发布公众号,1
2022/3/11,2022/3/12,广州各区发布公众号,1
2022/3/12,2022/3/13,广州各区发布公众号,1
2022/3/16,2022/3/17,广州各区发布公众号,1
2022/4/7,2022/4/8,广州各区发布公众号,1
2022/4/8,2022/4/9,广州各区发布公众号,1
2022/4/9,2022/4/10,广州各区发布公众号,1
2022/4/10,2022/4/11,广州各区发布公众号,1
2022/4/11,2022/4/12,广州各区发布公众号,1
2022/4/12,2022/4/13,广州各区发布公众号,1
2022/4/13,2022/4/14,广州各区发布公众号,1
2022/4/14,2022/4/15,广州各区发布公众号,1
2022/4/15,2022/4/16,广州各区发布公众号,1
2022/4/16,2022/4/17,广州各区发布公众号,1
2022/4/17,2022/4/18,广州各区发布公众号,1
2022/4/18,2022/4/19,广州各区发布公众号,1
2022/4/20,2022/4/21,广州各区发布公众号,1
2022/4/22,2022/4/23,广州各区发布公众号,1
2022/4/26,2022/4/27,广州各区发布公众号,1
2022/4/28,2022/4/29,广州各区发布公众号,1
2022/4/29,2022/4/30,广州各区发布公众号,1
2022/4/30,2022/5/1,广州各区发布公众号,1
2022/5/1,2022/5/2,广州各区发布公众号,1
2022/5/2,2022/5/3,广州各区发布公众号,1
2022/5/3,2022/5/4,广州各区发布公众号,1
2022/5/5,2022/5/6,广州各区发布公众号,1
2022/5/9,2022/5/10,广州各区发布公众号,1
2022/7/9,2022/7/10,广州各区发布公众号,1
2022/7/10,2022/7/11,广州各区发布公众号,1
2022/7/11,2022/7/12,广州各区发布公众号,1
2022/7/12,2022/7/13,广州各区发布公众号,1
2022/7/13,2022/7/14,广州各区发布公众号,1
2022/8/24,2022/8/25,广州各区发布公众号,1
2022/8/31,2022/9/1,广州各区发布公众号,1
2022/9/1,2022/9/2,广州各区发布公众号,1
2022/9/2,2022/9/3,广州各区发布公众号,1
2022/9/4,2022/9/5,广州各区发布公众号,1
2022/9/27,2022/9/28,广州各区发布公众号,1
2022/10/25,2022/10/26,广州各区发布公众号,1
2022/10/26,2022/10/27,广州各区发布公众号,1
2022/10/27,2022/10/28,广州各区发布公众号,1
2022/10/28,2022/10/29,广州各区发布公众号,1
2022/10/29,2022/10/30,广州各区发布公众号,1
2022/10/30,2022/10/31,广州各区发布公众号,1
2022/10/31,2022/11/1,广州各区发布公众号,1
2022/11/1,2022/11/2,广州各区发布公众号,1
2022/11/2,2022/11/3,广州各区发布公众号,1
2022/11/3,2022/11/4,广州各区发布公众号,1
2022/11/4,2022/11/5,广州各区发布公众号,1
2022/11/5,2022/11/6,广州各区发布公众号,1
2022/11/6,2022/11/7,广州各区发布公众号,1
2022/11/7,2022/11/8,广州各区发布公众号,1
2022/11/8,2022/11/9,广州各区发布公众号,1
2022/11/9,2022/11/10,广州各区发布公众号,1
2022/11/10,2022/11/11,广州各区发布公众号,1
2022/11/11,2022/11/12,广州各区发布公众号,1
2022/11/12,2022/11/13,广州各区发布公众号,1
2022/11/13,2022/11/14,广州各区发布公众号,1
2022/11/14,2022/11/15,广州各区发布公众号,1
2022/11/15,2022/11/16,广州各区发布公众号,1
2022/11/16,2022/11/17,广州各区发布公众号,1
2022/11/17,2022/11/18,广州各区发布公众号,1
2022/11/18,2022/11/19,广州各区发布公众号,1
2022/11/19,2022/11/20,广州各区发布公众号,1
2022/11/20,2022/11/21,广州各区发布公众号,1
2022/11/21,2022/11/22,广州各区发布公众号,1
2022/11/22,2022/11/23,广州各区发布公众号,1
2022/11/23,2022/11/24,广州各区发布公众号,1
2022/11/24,2022/11/25,广州各区发布公众号,1
2022/11/25,2022/11/26,广州各区发布公众号,1
2022/11/26,2022/11/27,广州各区发布公众号,1
2022/11/27,2022/11/28,广州各区发布公众号,1
2022/11/28,2022/11/29,广州各区发布公众号,1
2022/11/29,2022/11/30,广州各区发布公众号,1
2022/11/30,2022/12/1,广州各区发布公众号,1
2022/12/1,2022/12/2,广州各区发布公众号,1
2022/12/2,2022/12/3,广州各区发布公众号,1
2022/12/3,2022/12/4,广州各区发布公众号,1
2022/12/4,2022/12/5,广州各区发布公众号,1
2022/12/5,2022/12/6,广州各区发布公众号,1
2022/12/6,2022/12/7,广州各区发布公众号,1
2022/12/7,2022/12/8,广州各区发布公众号,1
